dt,channel,campaign_id,campaign_name,ad_group_id,ad_group_name,impressions,clicks,spend,conversions,ctr,cpc,cpa,cvr,cpm,conversion_value,reach,frequency,quality_score,search_impression_share,video_views,video_watch_25,video_watch_50,video_watch_75,video_watch_100,likes,shares,comments,engagement_rate
2024-01-03,tiktok,tt_8001,Awareness_GenZ,ttad_9001,Dance_Challenge,223456,3234,434.5,32,0.014472647859086352,0.13435374149659865,13.578125,0.0098948670377241813,1.9444543892309896,,,,,,189234,148234,93234,63456,43234,8567,2234,534,
2024-01-14,tiktok,tt_8001,Awareness_GenZ,ttad_9001,Dance_Challenge,223456,3234,434.5,32,0.014472647859086352,0.13435374149659865,13.578125,0.0098948670377241813,1.9444543892309896,,,,,,189234,148234,93234,63456,43234,8567,2234,534,
2024-01-21,tiktok,tt_8001,Awareness_GenZ,ttad_9001,Dance_Challenge,234567,3456,445.7,34,0.014733530291984806,0.12896412037037036,13.108823529411765,0.0098379629629629633,1.9000967740560266,,,,,,195234,153456,96234,65234,43567,8756,2234,534,
2024-01-01,tiktok,tt_8001,Awareness_GenZ,ttad_9001,Dance_Challenge,234567,3456,456.7,34,0.014733530291984806,0.13214699074074074,13.43235294117647,0.0098379629629629633,1.9469916910733394,,,,,,198234,156234,98234,67234,45234,8923,2345,567,
2024-01-13,tiktok,tt_8001,Awareness_GenZ,ttad_9001,Dance_Challenge,234567,3456,456.7,34,0.014733530291984806,0.13214699074074074,13.43235294117647,0.0098379629629629633,1.9469916910733394,,,,,,198234,156234,98234,67234,45234,8923,2345,567,
2024-01-05,tiktok,tt_8001,Awareness_GenZ,ttad_9001,Dance_Challenge,234234,3467,460.2,35,0.014801437878360956,0.13273723680415345,13.148571428571428,0.010095183155465821,1.9647019647019648,,,,,,199234,156789,98789,67789,45456,8945,2367,578,
2024-01-08,tiktok,tt_8001,Awareness_GenZ,ttad_9001,Dance_Challenge,245234,3578,474.3,37,0.014590146553903619,0.13256008943543879,12.81891891891892,0.010340972610396871,1.9340711320616228,,,,,,203456,158901,99567,68234,45789,8978,2389,590,
2024-01-02,tiktok,tt_8001,Awareness_GenZ,ttad_9001,Dance_Challenge,245678,3678,478.9,36,0.014970815457631534,0.13020663404023924,13.302777777777777,0.0097879282218597055,1.9492994895757862,,,,,,207345,163456,102345,70234,47234,9234,2456,589,
2024-01-15,tiktok,tt_8001,Awareness_GenZ,ttad_9001,Dance_Challenge,246789,3678,478.9,36,0.014903419520318976,0.13020663404023924,13.302777777777777,0.0097879282218597055,1.940524091430331,,,,,,207345,163456,102345,70234,47234,9234,2456,589,
2024-01-10,tiktok,tt_8001,Awareness_GenZ,ttad_9001,Dance_Challenge,256234,3701,490.5,38,0.014443828687840022,0.13253174817616861,12.907894736842104,0.01026749527154823,1.9142658663565335,,,,,,209234,163567,102567,69567,46567,9123,2423,601,
2024-01-20,tiktok,tt_8001,Awareness_GenZ,ttad_9001,Dance_Challenge,256234,3701,490.5,38,0.014443828687840022,0.13253174817616861,12.907894736842104,0.01026749527154823,1.9142658663565335,,,,,,209234,163567,102567,69567,46567,9123,2423,601,
2024-01-04,tiktok,tt_8001,Awareness_GenZ,ttad_9001,Dance_Challenge,256789,3890,512.3,39,0.01514862396753755,0.13169665809768635,13.135897435897435,0.010025706940874035,1.9950231513032097,,,,,,217456,170234,107234,72456,48456,9567,2567,612,
2024-01-06,tiktok,tt_8001,Awareness_GenZ,ttad_9001,Dance_Challenge,267890,3945,523.4,40,0.014726193586920004,0.13267427122940431,13.084999999999999,0.010139416983523447,1.9537870021277388,,,,,,221234,173456,109234,73567,49234,9789,2634,623,
2024-01-12,tiktok,tt_8001,Awareness_GenZ,ttad_9001,Dance_Challenge,267890,3945,501.2,40,0.014726193586920004,0.1270468948035488,12.53,0.010139416983523447,1.8709171674941207,,,,,,221234,173456,109234,73567,49234,9789,2634,623,
2024-01-22,tiktok,tt_8001,Awareness_GenZ,ttad_9001,Dance_Challenge,267890,3945,523.4,40,0.014726193586920004,0.13267427122940431,13.084999999999999,0.010139416983523447,1.9537870021277388,,,,,,221234,173456,109234,73567,49234,9789,2634,623,
2024-01-28,tiktok,tt_8001,Awareness_GenZ,ttad_9001,Dance_Challenge,267890,3945,501.2,40,0.014726193586920004,0.1270468948035488,12.53,0.010139416983523447,1.8709171674941207,,,,,,221234,173456,109234,73567,49234,9789,2634,623,
2024-01-07,tiktok,tt_8001,Awareness_GenZ,ttad_9001,Dance_Challenge,278901,4123,545.6,42,0.014783023366714354,0.13233082706766919,12.990476190476191,0.010186757215619695,1.9562497086779898,,,,,,229234,179234,112234,75678,50234,10123,2712,645,
2024-01-19,tiktok,tt_8001,Awareness_GenZ,ttad_9001,Dance_Challenge,278901,4123,545.6,42,0.014783023366714354,0.13233082706766919,12.990476190476191,0.010186757215619695,1.9562497086779898,,,,,,229234,179234,112234,75678,50234,10123,2712,645,
2024-01-27,tiktok,tt_8001,Awareness_GenZ,ttad_9001,Dance_Challenge,278901,4123,545.6,42,0.014783023366714354,0.13233082706766919,12.990476190476191,0.010186757215619695,1.9562497086779898,,,,,,229234,179234,112234,75678,50234,10123,2712,645,
2024-01-09,tiktok,tt_8001,Awareness_GenZ,ttad_9001,Dance_Challenge,289012,4234,556.7,43,0.014649910730350296,0.13148323098724612,12.946511627906977,0.010155880963627776,1.9262175965011836,,,,,,234567,182345,114567,77234,51234,10345,2789,656,
2024-01-11,tiktok,tt_8001,Awareness_GenZ,ttad_9001,Dance_Challenge,278901,4123,523.6,42,0.014783023366714354,0.12699490662139221,12.466666666666667,0.010186757215619695,1.8773686720377483,,,,,,234567,182345,114567,77234,51234,10345,2789,656,
2024-01-16,tiktok,tt_8001,Awareness_GenZ,ttad_9001,Dance_Challenge,289012,4234,556.7,43,0.014649910730350296,0.13148323098724612,12.946511627906977,0.010155880963627776,1.9262175965011836,,,,,,234567,182345,114567,77234,51234,10345,2789,656,
2024-01-23,tiktok,tt_8001,Awareness_GenZ,ttad_9001,Dance_Challenge,289012,4234,556.7,43,0.014649910730350296,0.13148323098724612,12.946511627906977,0.010155880963627776,1.9262175965011836,,,,,,234567,182345,114567,77234,51234,10345,2789,656,
2024-01-29,tiktok,tt_8001,Awareness_GenZ,ttad_9001,Dance_Challenge,289012,4234,556.7,43,0.014649910730350296,0.13148323098724612,12.946511627906977,0.010155880963627776,1.9262175965011836,,,,,,234567,182345,114567,77234,51234,10345,2789,656,
2024-01-18,tiktok,tt_8001,Awareness_GenZ,ttad_9001,Dance_Challenge,290123,4189,567.8,44,0.014438703584341813,0.13554547624731439,12.904545454545454,0.010503700167104321,1.9571009537334163,,,,,,236789,184567,115678,78234,52345,10456,2812,678,
2024-01-30,tiktok,tt_8001,Awareness_GenZ,ttad_9001,Dance_Challenge,295678,4345,573.2,44,0.014695039874458025,0.13192174913693902,13.027272727272729,0.010126582278481013,1.9385953638755675,,,,,,241234,188234,117890,79234,52789,10567,2856,667,
2024-01-17,tiktok,tt_8001,Awareness_GenZ,ttad_9001,Dance_Challenge,301234,4456,589.9,46,0.014792486903868753,0.13238330341113105,12.82391304347826,0.010323159784560144,1.9582782820000395,,,,,,245678,191234,119234,80234,53456,10789,2901,689,
2024-01-26,tiktok,tt_8001,Awareness_GenZ,ttad_9001,Dance_Challenge,301234,4456,589.9,46,0.014792486903868753,0.13238330341113105,12.82391304347826,0.010323159784560144,1.9582782820000395,,,,,,245678,191234,119234,80234,53456,10789,2901,689,
2024-01-24,tiktok,tt_8001,Awareness_GenZ,ttad_9001,Dance_Challenge,312345,4567,623.4,48,0.014621652339560422,0.13650098532953797,12.987499999999999,0.01051018173855923,1.9958699514959419,,,,,,256789,200234,125678,84567,56234,11234,3012,723,
2024-01-25,tiktok,tt_8001,Awareness_GenZ,ttad_9001,Dance_Challenge,323456,4789,645.7,50,0.01480572318955283,0.13482981833368135,12.914000000000001,0.010440593025683859,1.9962529679461816,,,,,,267890,208901,131234,88234,58901,11567,3134,734,
2024-01-03,tiktok,tt_8002,Conversion_Focus,ttad_9002,Product_Demo,112345,2123,623.4,62,0.018897147180559883,0.29364107395195477,10.054838709677419,0.029203956665096561,5.5489785927277575,,,,,,82345,61234,41234,31234,21234,4234,1123,212,
2024-01-08,tiktok,tt_8002,Conversion_Focus,ttad_9002,Product_Demo,119234,2234,645.6,64,0.018736266501165773,0.28898836168307968,10.0875,0.02864816472694718,5.4145629602294649,,,,,,85678,63456,42345,32234,22234,4345,1189,223,
2024-01-01,tiktok,tt_8002,Conversion_Focus,ttad_9002,Product_Demo,123456,2345,678.9,67,0.018994621565578018,0.2895095948827292,10.132835820895522,0.028571428571428571,5.4991251944012438,,,,,,89234,67234,45234,34234,23456,4567,1234,234,
2024-01-21,tiktok,tt_8002,Conversion_Focus,ttad_9002,Product_Demo,128901,2456,678.9,67,0.019053382052893305,0.27642508143322475,10.132835820895522,0.027280130293159611,5.2668326855493754,,,,,,89234,67234,45234,34234,23456,4567,1234,234,
2024-01-05,tiktok,tt_8002,Conversion_Focus,ttad_9002,Product_Demo,128901,2456,689.5,68,0.019053382052893305,0.28074104234527686,10.139705882352942,0.027687296416938109,5.349066337732058,,,,,,91234,68234,45789,34567,23678,4678,1267,237,
2024-01-14,tiktok,tt_8002,Conversion_Focus,ttad_9002,Product_Demo,128901,2456,689.5,68,0.019053382052893305,0.28074104234527686,10.139705882352942,0.027687296416938109,5.349066337732058,,,,,,91234,68234,45789,34567,23678,4678,1267,237,
2024-01-02,tiktok,tt_8002,Conversion_Focus,ttad_9002,Product_Demo,134567,2567,712.3,71,0.019075999316325698,0.27748344370860928,10.032394366197183,0.027658745617452279,5.29327398247713,,,,,,95678,71234,48234,36234,24567,4789,1345,245,
2024-01-13,tiktok,tt_8002,Conversion_Focus,ttad_9002,Product_Demo,134567,2567,712.3,71,0.019075999316325698,0.27748344370860928,10.032394366197183,0.027658745617452279,5.29327398247713,,,,,,95678,71234,48234,36234,24567,4789,1345,245,
2024-01-07,tiktok,tt_8002,Conversion_Focus,ttad_9002,Product_Demo,138901,2678,734.5,73,0.019279918791081419,0.27427184466019416,10.061643835616438,0.02725914861837192,5.2879388917286416,,,,,,97890,72345,48901,36789,24890,4901,1356,256,
2024-01-15,tiktok,tt_8002,Conversion_Focus,ttad_9002,Product_Demo,142345,2678,734.5,73,0.018813446204643647,0.27427184466019416,10.061643835616438,0.02725914861837192,5.1599985949629428,,,,,,97890,72345,48901,36789,24890,4901,1356,256,
2024-01-20,tiktok,tt_8002,Conversion_Focus,ttad_9002,Product_Demo,142345,2678,734.5,73,0.018813446204643647,0.27427184466019416,10.061643835616438,0.02725914861837192,5.1599985949629428,,,,,,97890,72345,48901,36789,24890,4901,1356,256,
2024-01-10,tiktok,tt_8002,Conversion_Focus,ttad_9002,Product_Demo,145678,2789,756.7,76,0.0191449635497467,0.27131588382932953,9.9565789473684223,0.027249910362136965,5.194332706379825,,,,,,101234,74567,50234,37890,25234,5012,1423,267,
2024-01-28,tiktok,tt_8002,Conversion_Focus,ttad_9002,Product_Demo,148901,2834,756.7,76,0.019032780169374281,0.26700776287932254,9.9565789473684223,0.026817219477769938,5.08190005439856,,,,,,101234,74567,50234,37890,25234,5012,1423,267,
2024-01-12,tiktok,tt_8002,Conversion_Focus,ttad_9002,Product_Demo,148901,2834,767.5,77,0.019032780169374281,0.270818630910374,9.9675324675324681,0.027170077628793227,5.15443146788806,,,,,,103456,76234,51234,38567,25789,5123,1456,278,
2024-01-22,tiktok,tt_8002,Conversion_Focus,ttad_9002,Product_Demo,148901,2834,767.5,77,0.019032780169374281,0.270818630910374,9.9675324675324681,0.027170077628793227,5.15443146788806,,,,,,103456,76234,51234,38567,25789,5123,1456,278,
2024-01-19,tiktok,tt_8002,Conversion_Focus,ttad_9002,Product_Demo,153456,2945,789.2,79,0.019191168804087166,0.26797962648556878,9.9898734177215189,0.026825127334465196,5.142842247940778,,,,,,107890,79567,53678,40234,26890,5234,1456,278,
2024-01-27,tiktok,tt_8002,Conversion_Focus,ttad_9002,Product_Demo,153456,2945,789.2,79,0.019191168804087166,0.26797962648556878,9.9898734177215189,0.026825127334465196,5.142842247940778,,,,,,107890,79567,53678,40234,26890,5234,1456,278,
2024-01-11,tiktok,tt_8002,Conversion_Focus,ttad_9002,Product_Demo,156789,3012,812.3,82,0.019210531351051413,0.26968791500664008,9.90609756097561,0.027224435590969456,5.180848146234748,,,,,,109876,81234,54678,41234,27567,5456,1567,289,
2024-01-16,tiktok,tt_8002,Conversion_Focus,ttad_9002,Product_Demo,156789,3012,812.3,82,0.019210531351051413,0.26968791500664008,9.90609756097561,0.027224435590969456,5.180848146234748,,,,,,109876,81234,54678,41234,27567,5456,1567,289,
2024-01-23,tiktok,tt_8002,Conversion_Focus,ttad_9002,Product_Demo,156789,3012,812.3,82,0.019210531351051413,0.26968791500664008,9.90609756097561,0.027224435590969456,5.180848146234748,,,,,,109876,81234,54678,41234,27567,5456,1567,289,
2024-01-29,tiktok,tt_8002,Conversion_Focus,ttad_9002,Product_Demo,156789,3012,812.3,82,0.019210531351051413,0.26968791500664008,9.90609756097561,0.027224435590969456,5.180848146234748,,,,,,109876,81234,54678,41234,27567,5456,1567,289,
2024-01-18,tiktok,tt_8002,Conversion_Focus,ttad_9002,Product_Demo,161234,3089,823.7,83,0.019158490144758549,0.26665587568792493,9.92409638554217,0.026869537067011978,5.1087239664090704,,,,,,113456,83567,56234,42345,28234,5523,1589,301,
2024-01-30,tiktok,tt_8002,Conversion_Focus,ttad_9002,Product_Demo,161234,3089,823.7,83,0.019158490144758549,0.26665587568792493,9.92409638554217,0.026869537067011978,5.1087239664090704,,,,,,113456,83567,56234,42345,28234,5523,1589,301,
2024-01-17,tiktok,tt_8002,Conversion_Focus,ttad_9002,Product_Demo,167890,3234,845.6,85,0.019262612424801952,0.26147186147186147,9.948235294117648,0.026283240568954855,5.0366311275239735,,,,,,117890,87234,58901,44234,29567,5678,1634,312,
2024-01-26,tiktok,tt_8002,Conversion_Focus,ttad_9002,Product_Demo,167890,3234,845.6,85,0.019262612424801952,0.26147186147186147,9.948235294117648,0.026283240568954855,5.0366311275239735,,,,,,117890,87234,58901,44234,29567,5678,1634,312,
2024-01-24,tiktok,tt_8002,Conversion_Focus,ttad_9002,Product_Demo,172345,3345,867.9,87,0.019408744088891469,0.25946188340807175,9.9758620689655171,0.026008968609865471,5.03582929588906,,,,,,123456,91234,61567,46234,30789,5890,1678,334,
2024-01-25,tiktok,tt_8002,Conversion_Focus,ttad_9002,Product_Demo,178901,3456,889.5,89,0.019317946797390736,0.25737847222222221,9.99438202247191,0.025752314814814815,4.972023633182598,,,,,,128901,95678,64567,48567,32345,6123,1734,345,
2024-01-03,tiktok,tt_8004,Influencer_Collab,ttad_9004,Creator_Partnership,345678,5678,890.1,89,0.0164256909609521,0.15676294469883761,10.001123595505618,0.01567453328636844,2.5749396837519312,,,,,,289234,234567,189234,134567,89234,15678,4567,1234,
2024-01-05,tiktok,tt_8004,Influencer_Collab,ttad_9004,Creator_Partnership,356789,5834,901.2,91,0.016351400968079174,0.15447377442577992,9.9032967032967036,0.015598217346588962,2.5258626246885414,,,,,,293456,239234,191234,136234,90234,15890,4634,1256,
2024-01-14,tiktok,tt_8004,Influencer_Collab,ttad_9004,Creator_Partnership,356789,5834,901.2,91,0.016351400968079174,0.15447377442577992,9.9032967032967036,0.015598217346588962,2.5258626246885414,,,,,,293456,239234,191234,136234,90234,15890,4634,1256,
2024-01-04,tiktok,tt_8004,Influencer_Collab,ttad_9004,Creator_Partnership,367890,6012,923.4,94,0.016341841311261519,0.15359281437125749,9.823404255319149,0.015635395874916833,2.5099893990051374,,,,,,301234,245678,196789,140234,93456,16234,4789,1289,
2024-01-13,tiktok,tt_8004,Influencer_Collab,ttad_9004,Creator_Partnership,367890,6012,923.4,94,0.016341841311261519,0.15359281437125749,9.823404255319149,0.015635395874916833,2.5099893990051374,,,,,,301234,245678,196789,140234,93456,16234,4789,1289,
2024-01-21,tiktok,tt_8004,Influencer_Collab,ttad_9004,Creator_Partnership,367890,6012,923.4,94,0.016341841311261519,0.15359281437125749,9.823404255319149,0.015635395874916833,2.5099893990051374,,,,,,301234,245678,196789,140234,93456,16234,4789,1289,
2024-01-06,tiktok,tt_8004,Influencer_Collab,ttad_9004,Creator_Partnership,378901,6123,945.6,96,0.016159894009253075,0.15443410093091622,9.85,0.01567858892699657,2.4956387024578981,,,,,,312345,251234,201234,143456,95234,16567,4823,1312,
2024-01-15,tiktok,tt_8004,Influencer_Collab,ttad_9004,Creator_Partnership,378901,6123,945.6,96,0.016159894009253075,0.15443410093091622,9.85,0.01567858892699657,2.4956387024578981,,,,,,312345,251234,201234,143456,95234,16567,4823,1312,
2024-01-08,tiktok,tt_8004,Influencer_Collab,ttad_9004,Creator_Partnership,389012,6234,967.8,98,0.016025212589842987,0.15524542829643886,9.8755102040816318,0.015720243824189926,2.4878409920516589,,,,,,321234,258901,207890,147234,97456,16901,4912,1345,
2024-01-20,tiktok,tt_8004,Influencer_Collab,ttad_9004,Creator_Partnership,389012,6234,967.8,98,0.016025212589842987,0.15524542829643886,9.8755102040816318,0.015720243824189926,2.4878409920516589,,,,,,321234,258901,207890,147234,97456,16901,4912,1345,
2024-01-09,tiktok,tt_8004,Influencer_Collab,ttad_9004,Creator_Partnership,401234,6456,989.9,101,0.01609036123558821,0.15333023543990087,9.8009900990099013,0.015644361833952913,2.4671388765657944,,,,,,332345,267890,214567,151234,99567,17234,5012,1378,
2024-01-12,tiktok,tt_8004,Influencer_Collab,ttad_9004,Creator_Partnership,398567,6534,998.7,98,0.016393730539658327,0.15284664830119377,10.190816326530612,0.01499846954392409,2.5057267661396958,,,,,,332345,267890,214567,151234,99567,17756,5012,1389,
2024-01-22,tiktok,tt_8004,Influencer_Collab,ttad_9004,Creator_Partnership,398567,6534,998.7,98,0.016393730539658327,0.15284664830119377,10.190816326530612,0.01499846954392409,2.5057267661396958,,,,,,332345,267890,214567,151234,99567,17756,5012,1389,
2024-01-28,tiktok,tt_8004,Influencer_Collab,ttad_9004,Creator_Partnership,401234,6456,989.9,101,0.01609036123558821,0.15333023543990087,9.8009900990099013,0.015644361833952913,2.4671388765657944,,,,,,332345,267890,214567,151234,99567,17234,5012,1378,
2024-01-11,tiktok,tt_8004,Influencer_Collab,ttad_9004,Creator_Partnership,412345,6789,1023.4,103,0.016464368429349209,0.15074385034614818,9.9359223300970871,0.015171601119457947,2.481902290557664,,,,,,345678,278901,223456,159234,105678,18234,5234,1456,
2024-01-19,tiktok,tt_8004,Influencer_Collab,ttad_9004,Creator_Partnership,423456,6789,1034.5,104,0.016032362276127862,0.1523788481366917,9.947115384615385,0.015318898217705112,2.4429928965465124,,,,,,356789,287234,229234,162345,107890,18756,5345,1456,
2024-01-27,tiktok,tt_8004,Influencer_Collab,ttad_9004,Creator_Partnership,423456,6789,1034.5,104,0.016032362276127862,0.1523788481366917,9.947115384615385,0.015318898217705112,2.4429928965465124,,,,,,356789,287234,229234,162345,107890,18756,5345,1456,
2024-01-16,tiktok,tt_8004,Influencer_Collab,ttad_9004,Creator_Partnership,423456,6890,1056.8,107,0.016270875840701277,0.15338171262699563,9.876635514018691,0.015529753265602322,2.4956548023879694,,,,,,356789,289234,231456,164567,109234,18890,5456,1489,
2024-01-23,tiktok,tt_8004,Influencer_Collab,ttad_9004,Creator_Partnership,423456,6890,1056.8,107,0.016270875840701277,0.15338171262699563,9.876635514018691,0.015529753265602322,2.4956548023879694,,,,,,356789,289234,231456,164567,109234,18890,5456,1489,
2024-01-29,tiktok,tt_8004,Influencer_Collab,ttad_9004,Creator_Partnership,423456,6890,1056.8,107,0.016270875840701277,0.15338171262699563,9.876635514018691,0.015529753265602322,2.4956548023879694,,,,,,356789,289234,231456,164567,109234,18890,5456,1489,
2024-01-18,tiktok,tt_8004,Influencer_Collab,ttad_9004,Creator_Partnership,434567,7012,1089.3,109,0.016135601644855686,0.15534797490017113,9.9935779816513755,0.015544780376497433,2.5066330393242007,,,,,,367890,296234,237890,168234,111234,19234,5534,1523,
2024-01-30,tiktok,tt_8004,Influencer_Collab,ttad_9004,Creator_Partnership,434567,7012,1089.3,109,0.016135601644855686,0.15534797490017113,9.9935779816513755,0.015544780376497433,2.5066330393242007,,,,,,367890,296234,237890,168234,111234,19234,5534,1523,
2024-01-17,tiktok,tt_8004,Influencer_Collab,ttad_9004,Creator_Partnership,445678,7234,1123.5,113,0.016231449611602996,0.15530826651921481,9.942477876106194,0.015620680121647775,2.520878302272044,,,,,,378901,304567,243456,172345,114567,19567,5678,1567,
2024-01-26,tiktok,tt_8004,Influencer_Collab,ttad_9004,Creator_Partnership,445678,7234,1123.5,113,0.016231449611602996,0.15530826651921481,9.942477876106194,0.015620680121647775,2.520878302272044,,,,,,378901,304567,243456,172345,114567,19567,5678,1567,
2024-01-24,tiktok,tt_8004,Influencer_Collab,ttad_9004,Creator_Partnership,456789,7456,1167.8,118,0.016322634739453008,0.15662553648068669,9.8966101694915256,0.01582618025751073,2.5565414228451209,,,,,,389012,312345,249234,177890,118234,20234,5912,1623,
2024-01-25,tiktok,tt_8004,Influencer_Collab,ttad_9004,Creator_Partnership,467890,7623,1189.4,120,0.01629229092308021,0.15602781057326512,9.9116666666666671,0.015741833923652106,2.542050481950886,,,,,,401234,323456,258901,184567,122345,20789,6034,1678,
2024-01-01,tiktok,tt_8003,Traffic_Campaign,ttad_9003,Trending_Sounds,189234,2890,345.6,23,0.015272096980458057,0.1195847750865052,15.026086956521739,0.00795847750865052,1.8263102825073718,,,,,,145678,112345,89234,56789,34567,6789,1890,456,
2024-01-02,tiktok,tt_8003,Traffic_Campaign,ttad_9003,Trending_Sounds,198345,3012,361.2,25,0.015185661347651818,0.1199203187250996,14.448,0.0083001328021248336,1.8210693488618317,,,,,,152345,117234,93234,59234,36234,7123,1967,478,
2024-01-14,tiktok,tt_8003,Traffic_Campaign,ttad_9003,Trending_Sounds,195678,2989,361.2,25,0.015275094798597696,0.12084309133489461,14.448,0.0083640013382402147,1.845889675896115,,,,,,152345,117234,93234,59234,36234,7123,1967,478,
2024-01-04,tiktok,tt_8003,Traffic_Campaign,ttad_9003,Trending_Sounds,201234,3123,374.5,26,0.015519246250633591,0.11991674671789945,14.403846153846153,0.0083253282100544355,1.861017521889939,,,,,,157890,121234,96234,61234,37456,7345,2034,489,
2024-01-13,tiktok,tt_8003,Traffic_Campaign,ttad_9003,Trending_Sounds,201234,3123,374.5,26,0.015519246250633591,0.11991674671789945,14.403846153846153,0.0083253282100544355,1.861017521889939,,,,,,157890,121234,96234,61234,37456,7345,2034,489,
2024-01-21,tiktok,tt_8003,Traffic_Campaign,ttad_9003,Trending_Sounds,201234,3123,374.5,26,0.015519246250633591,0.11991674671789945,14.403846153846153,0.0083253282100544355,1.861017521889939,,,,,,157890,121234,96234,61234,37456,7345,2034,489,
2024-01-06,tiktok,tt_8003,Traffic_Campaign,ttad_9003,Trending_Sounds,205678,3234,387.8,27,0.015723606802866618,0.11991341991341992,14.362962962962964,0.0083487940630797772,1.8854714651056508,,,,,,162345,124567,98901,63234,38234,7567,2089,501,
2024-01-07,tiktok,tt_8003,Traffic_Campaign,ttad_9003,Trending_Sounds,212345,3345,401.1,28,0.01575266665096894,0.11991031390134529,14.325000000000001,0.00837070254110613,1.8889072029009395,,,,,,167890,128234,101234,65234,39456,7789,2145,512,
2024-01-15,tiktok,tt_8003,Traffic_Campaign,ttad_9003,Trending_Sounds,212345,3345,401.1,28,0.01575266665096894,0.11991031390134529,14.325000000000001,0.00837070254110613,1.8889072029009395,,,,,,167890,128234,101234,65234,39456,7789,2145,512,
2024-01-09,tiktok,tt_8003,Traffic_Campaign,ttad_9003,Trending_Sounds,218901,3456,414.4,29,0.015787958940342895,0.11990740740740741,14.289655172413791,0.0083912037037037045,1.8930932247911156,,,,,,173456,131567,103567,67234,40567,8012,2201,523,
2024-01-20,tiktok,tt_8003,Traffic_Campaign,ttad_9003,Trending_Sounds,218901,3456,414.4,29,0.015787958940342895,0.11990740740740741,14.289655172413791,0.0083912037037037045,1.8930932247911156,,,,,,173456,131567,103567,67234,40567,8012,2201,523,
2024-01-10,tiktok,tt_8003,Traffic_Campaign,ttad_9003,Trending_Sounds,223456,3567,427.7,30,0.015962874122869827,0.11990468180543874,14.256666666666666,0.0084104289318755257,1.9140233424029784,,,,,,178901,135234,106789,69234,41789,8234,2267,534,
2024-01-28,tiktok,tt_8003,Traffic_Campaign,ttad_9003,Trending_Sounds,223456,3567,427.7,30,0.015962874122869827,0.11990468180543874,14.256666666666666,0.0084104289318755257,1.9140233424029784,,,,,,178901,135234,106789,69234,41789,8234,2267,534,
2024-01-12,tiktok,tt_8003,Traffic_Campaign,ttad_9003,Trending_Sounds,228901,3634,441.9,31,0.015875858995810416,0.12160154100165106,14.254838709677419,0.0085305448541552,1.9305289186154713,,,,,,182345,137890,108901,70567,42789,8456,2301,545,
2024-01-22,tiktok,tt_8003,Traffic_Campaign,ttad_9003,Trending_Sounds,228901,3634,441.9,31,0.015875858995810416,0.12160154100165106,14.254838709677419,0.0085305448541552,1.9305289186154713,,,,,,182345,137890,108901,70567,42789,8456,2301,545,
2024-01-19,tiktok,tt_8003,Traffic_Campaign,ttad_9003,Trending_Sounds,236789,3734,456.8,33,0.015769313608317955,0.12233529726834494,13.842424242424244,0.008837707552222818,1.9291436679913341,,,,,,187890,142345,112345,72345,43789,8456,2267,545,
2024-01-27,tiktok,tt_8003,Traffic_Campaign,ttad_9003,Trending_Sounds,236789,3734,456.8,33,0.015769313608317955,0.12233529726834494,13.842424242424244,0.008837707552222818,1.9291436679913341,,,,,,187890,142345,112345,72345,43789,8456,2267,545,
2024-01-11,tiktok,tt_8003,Traffic_Campaign,ttad_9003,Trending_Sounds,234567,3789,456.8,33,0.016153167325327091,0.12055951438374242,13.842424242424244,0.00870942201108472,1.9474180085007695,,,,,,189234,143567,113456,73456,44567,8789,2434,567,
2024-01-16,tiktok,tt_8003,Traffic_Campaign,ttad_9003,Trending_Sounds,245678,3890,467.8,34,0.015833733586238897,0.12025706940874037,13.758823529411766,0.0087403598971722372,1.9041183988798345,,,,,,195678,148234,117234,75234,45789,8567,2345,567,
2024-01-23,tiktok,tt_8003,Traffic_Campaign,ttad_9003,Trending_Sounds,245678,3890,467.8,34,0.015833733586238897,0.12025706940874037,13.758823529411766,0.0087403598971722372,1.9041183988798345,,,,,,195678,148234,117234,75234,45789,8567,2345,567,
2024-01-29,tiktok,tt_8003,Traffic_Campaign,ttad_9003,Trending_Sounds,245678,3890,467.8,34,0.015833733586238897,0.12025706940874037,13.758823529411766,0.0087403598971722372,1.9041183988798345,,,,,,195678,148234,117234,75234,45789,8567,2345,567,
2024-01-18,tiktok,tt_8003,Traffic_Campaign,ttad_9003,Trending_Sounds,248901,3934,478.5,35,0.015805480894010068,0.12163192679206915,13.671428571428571,0.0088967971530249119,1.9224510950136802,,,,,,195234,148901,117890,76234,46234,8734,2401,578,
2024-01-30,tiktok,tt_8003,Traffic_Campaign,ttad_9003,Trending_Sounds,251234,3967,481.5,35,0.015790060262544082,0.12137635492815729,13.757142857142858,0.0088227880010083182,1.9165399587635432,,,,,,198901,150567,119234,76890,46567,8678,2378,556,
2024-01-17,tiktok,tt_8003,Traffic_Campaign,ttad_9003,Trending_Sounds,256789,4012,489.2,36,0.015623722199938472,0.12193419740777667,13.588888888888889,0.00897308075772682,1.9050660269715605,,,,,,201234,152345,120456,77890,47234,8901,2456,589,
2024-01-26,tiktok,tt_8003,Traffic_Campaign,ttad_9003,Trending_Sounds,256789,4012,489.2,36,0.015623722199938472,0.12193419740777667,13.588888888888889,0.00897308075772682,1.9050660269715605,,,,,,201234,152345,120456,77890,47234,8901,2456,589,
2024-01-24,tiktok,tt_8003,Traffic_Campaign,ttad_9003,Trending_Sounds,267890,4123,512.6,37,0.015390645414162529,0.1243269463982537,13.854054054054055,0.0089740480232840172,1.9134719474411139,,,,,,212345,160234,126789,81234,49234,9123,2567,612,
2024-01-25,tiktok,tt_8003,Traffic_Campaign,ttad_9003,Trending_Sounds,278901,4234,534.2,39,0.015181014051581027,0.12616910722720834,13.697435897435899,0.0092111478507321681,1.9153749896916827,,,,,,223456,168901,133456,85678,51789,9456,2634,623,
2024-01-14,google,g_5004,Display_Remarketing,gad_6004,Cart_Abandoners,115678,412,113.4,11,0.0035616106779162849,0.275242718446602,10.30909090909091,0.026699029126213591,0.98030740503812319,550,,,7,0.32,,,,,,,,,
2024-01-21,google,g_5004,Display_Remarketing,gad_6004,Cart_Abandoners,118234,423,116.2,11,0.0035776510986687418,0.27470449172576833,10.563636363636364,0.026004728132387706,0.98279682663193324,550,,,7,0.32,,,,,,,,,
2024-01-08,google,g_5004,Display_Remarketing,gad_6004,Cart_Abandoners,125678,445,121.3,11,0.0035407947293878005,0.27258426966292132,11.027272727272727,0.024719101123595506,0.96516494533649488,550,,,7,0.34,,,,,,,,,
2024-01-13,google,g_5004,Display_Remarketing,gad_6004,Cart_Abandoners,119234,434,116.8,12,0.0036399013704144791,0.26912442396313363,9.7333333333333325,0.027649769585253458,0.9795863595954174,600,,,7,0.33,,,,,,,,,
2024-01-20,google,g_5004,Display_Remarketing,gad_6004,Cart_Abandoners,124567,445,122.3,12,0.00357237470598152,0.27483146067415731,10.191666666666666,0.026966292134831461,0.98180095852031424,600,,,7,0.33,,,,,,,,,
2024-01-28,google,g_5004,Display_Remarketing,gad_6004,Cart_Abandoners,127345,445,125.1,12,0.0034944442263143429,0.28112359550561794,10.424999999999999,0.026966292134831461,0.98237072519533541,600,,,7,0.33,,,,,,,,,
2024-01-03,google,g_5004,Display_Remarketing,gad_6004,Cart_Abandoners,123456,456,123.4,12,0.0036936236391912907,0.27061403508771931,10.283333333333333,0.026315789473684209,0.99954639709694149,600,,,7,0.35,,,,,,,,,
2024-01-09,google,g_5004,Display_Remarketing,gad_6004,Cart_Abandoners,129345,456,125.6,12,0.0035254551780122927,0.27543859649122804,10.466666666666667,0.026315789473684209,0.97104642622443849,600,,,7,0.35,,,,,,,,,
2024-01-22,google,g_5004,Display_Remarketing,gad_6004,Cart_Abandoners,127890,456,125.6,13,0.0035655641566971616,0.27543859649122804,9.661538461538461,0.02850877192982456,0.98209398702009532,650,,,7,0.34,,,,,,,,,
2024-01-05,google,g_5004,Display_Remarketing,gad_6004,Cart_Abandoners,128901,467,128.9,13,0.0036229354310672534,0.27601713062098504,9.9153846153846157,0.027837259100642397,0.99999224210828475,650,,,7,0.34,,,,,,,,,
2024-01-15,google,g_5004,Display_Remarketing,gad_6004,Cart_Abandoners,128901,467,126.7,13,0.0036229354310672534,0.27130620985010706,9.7461538461538471,0.027837259100642397,0.98292488033452041,650,,,7,0.34,,,,,,,,,
2024-01-29,google,g_5004,Display_Remarketing,gad_6004,Cart_Abandoners,131234,467,128.9,13,0.0035585290397305578,0.27601713062098504,9.9153846153846157,0.027837259100642397,0.98221497477787767,650,,,7,0.34,,,,,,,,,
2024-01-06,google,g_5004,Display_Remarketing,gad_6004,Cart_Abandoners,131234,478,132.4,13,0.0036423487815657528,0.27698744769874478,10.184615384615386,0.027196652719665274,1.0088848926345308,650,,,7,0.35,,,,,,,,,
2024-01-19,google,g_5004,Display_Remarketing,gad_6004,Cart_Abandoners,131567,478,129.4,13,0.003633129888193848,0.27071129707112973,9.953846153846154,0.027196652719665274,0.98352930446084508,650,,,7,0.34,,,,,,,,,
2024-01-30,google,g_5004,Display_Remarketing,gad_6004,Cart_Abandoners,133456,478,131.2,14,0.0035817048315549696,0.27447698744769872,9.37142857142857,0.029288702928870293,0.98309555209207522,700,,,7,0.35,,,,,,,,,
2024-01-04,google,g_5004,Display_Remarketing,gad_6004,Cart_Abandoners,134567,489,134.5,14,0.0036338775479872478,0.27505112474437626,9.6071428571428577,0.028629856850715747,0.99950210675722873,700,,,7,0.36,,,,,,,,,
2024-01-12,google,g_5004,Display_Remarketing,gad_6004,Cart_Abandoners,133456,489,131.2,14,0.0036641290013187866,0.26830265848670753,9.37142857142857,0.028629856850715747,0.98309555209207522,700,,,7,0.35,,,,,,,,,
2024-01-16,google,g_5004,Display_Remarketing,gad_6004,Cart_Abandoners,132567,489,130.5,14,0.0036887008078933673,0.26687116564417179,9.3214285714285712,0.028629856850715747,0.98440788431510107,700,,,7,0.35,,,,,,,,,
2024-01-23,google,g_5004,Display_Remarketing,gad_6004,Cart_Abandoners,133456,489,131.2,14,0.0036641290013187866,0.26830265848670753,9.37142857142857,0.028629856850715747,0.98309555209207522,700,,,7,0.35,,,,,,,,,
2024-01-27,google,g_5004,Display_Remarketing,gad_6004,Cart_Abandoners,134890,489,132.7,14,0.0036251760693898731,0.2713701431492842,9.4785714285714278,0.028629856850715747,0.98376454889168952,700,,,7,0.35,,,,,,,,,
2024-01-18,google,g_5004,Display_Remarketing,gad_6004,Cart_Abandoners,135234,501,133.6,14,0.0037046896490527531,0.26666666666666666,9.5428571428571427,0.027944111776447105,0.98791723974740075,700,,,7,0.35,,,,,,,,,
2024-01-11,google,g_5004,Display_Remarketing,gad_6004,Cart_Abandoners,136789,512,142.3,15,0.003742991029980481,0.2779296875,9.4866666666666681,0.029296875,1.0402883272777783,750,,,7,0.36,,,,,,,,,
2024-01-26,google,g_5004,Display_Remarketing,gad_6004,Cart_Abandoners,138567,512,136.2,15,0.0036949634472854286,0.266015625,9.08,0.029296875,0.98291801078178775,750,,,7,0.36,,,,,,,,,
2024-01-24,google,g_5004,Display_Remarketing,gad_6004,Cart_Abandoners,139234,523,136.8,15,0.0037562664291767816,0.26156787762906314,9.120000000000001,0.028680688336520075,0.98251863768907033,750,,,7,0.36,,,,,,,,,
2024-01-17,google,g_5004,Display_Remarketing,gad_6004,Cart_Abandoners,138901,534,136.4,15,0.0038444647626726951,0.25543071161048692,9.0933333333333337,0.028089887640449437,0.981994370090928,750,,,7,0.36,,,,,,,,,
2024-01-25,google,g_5004,Display_Remarketing,gad_6004,Cart_Abandoners,142345,545,139.9,16,0.0038287259826477924,0.25669724770642205,8.74375,0.029357798165137616,0.98282342196775441,800,,,7,0.37,,,,,,,,,
2024-01-21,google,g_5002,Search_Generic_Terms,gad_6002,Product_Broad,38901,778,498.7,19,0.019999485874399116,0.64100257069408739,26.247368421052631,0.024421593830334189,12.819721858049922,950,,,6,0.41,,,,,,,,,
2024-01-14,google,g_5002,Search_Generic_Terms,gad_6002,Product_Broad,39567,789,507.4,19,0.019940859807415272,0.64309252217997459,26.705263157894734,0.024081115335868188,12.82381782798797,950,,,6,0.42,,,,,,,,,
2024-01-20,google,g_5002,Search_Generic_Terms,gad_6002,Product_Broad,40567,812,520.4,20,0.020016269381517,0.64088669950738908,26.02,0.024630541871921183,12.828160820371238,1000,,,6,0.42,,,,,,,,,
2024-01-02,google,g_5002,Search_Generic_Terms,gad_6002,Product_Broad,43234,823,534.2,21,0.019035943933015682,0.64908869987849338,25.43809523809524,0.02551640340218712,12.356016098441042,1050,,,7,0.44,,,,,,,,,
2024-01-13,google,g_5002,Search_Generic_Terms,gad_6002,Product_Broad,41234,823,528.9,21,0.019959256923897755,0.6426488456865127,25.185714285714283,0.02551640340218712,12.826793422903428,1050,,,6,0.43,,,,,,,,,
2024-01-28,google,g_5002,Search_Generic_Terms,gad_6002,Product_Broad,42890,834,549.3,21,0.019445092096059689,0.65863309352517985,26.157142857142855,0.025179856115107913,12.807181161109815,1050,,,7,0.43,,,,,,,,,
2024-01-22,google,g_5002,Search_Generic_Terms,gad_6002,Product_Broad,42890,845,549.3,22,0.019701562135695967,0.650059171597633,24.968181818181815,0.026035502958579881,12.807181161109815,1100,,,7,0.44,,,,,,,,,
2024-01-15,google,g_5002,Search_Generic_Terms,gad_6002,Product_Broad,43789,856,560.9,22,0.019548288382927218,0.65525700934579434,25.495454545454546,0.025700934579439252,12.809152983626024,1100,,,7,0.44,,,,,,,,,
2024-01-07,google,g_5002,Search_Generic_Terms,gad_6002,Product_Broad,44567,878,567.2,22,0.019700675387618643,0.64601366742596811,25.781818181818185,0.025056947608200455,12.726905557924026,1100,,,6,0.44,,,,,,,,,
2024-01-29,google,g_5002,Search_Generic_Terms,gad_6002,Product_Broad,44567,878,570.8,23,0.019700675387618643,0.65011389521640084,24.817391304347826,0.026195899772209569,12.807682814638634,1150,,,7,0.44,,,,,,,,,
2024-01-01,google,g_5002,Search_Generic_Terms,gad_6002,Product_Broad,45678,890,567.8,23,0.019484215596129426,0.63797752808988761,24.686956521739127,0.025842696629213482,12.430491702789087,1150,,,7,0.45,,,,,,,,,
2024-01-19,google,g_5002,Search_Generic_Terms,gad_6002,Product_Broad,44890,890,574.7,23,0.019826241924704835,0.64573033707865168,24.986956521739131,0.025842696629213482,12.802405881042549,1150,,,7,0.44,,,,,,,,,
2024-01-10,google,g_5002,Search_Generic_Terms,gad_6002,Product_Broad,45234,901,578.9,23,0.019918645266834682,0.64250832408435066,25.169565217391302,0.025527192008879023,12.797895388424637,1150,,,7,0.45,,,,,,,,,
2024-01-16,google,g_5002,Search_Generic_Terms,gad_6002,Product_Broad,45678,901,584.5,24,0.019725031743946759,0.6487236403995561,24.354166666666668,0.026637069922308545,12.796094399929943,1200,,,7,0.45,,,,,,,,,
2024-01-27,google,g_5002,Search_Generic_Terms,gad_6002,Product_Broad,45678,901,584.5,24,0.019725031743946759,0.6487236403995561,24.354166666666668,0.026637069922308545,12.796094399929943,1200,,,7,0.45,,,,,,,,,
2024-01-05,google,g_5002,Search_Generic_Terms,gad_6002,Product_Broad,46234,912,589.3,24,0.019725742959726608,0.6461622807017543,24.554166666666664,0.026315789473684209,12.74603105939352,1200,,,7,0.45,,,,,,,,,
2024-01-12,google,g_5002,Search_Generic_Terms,gad_6002,Product_Broad,46567,912,596.7,24,0.019584684433182297,0.65427631578947376,24.8625,0.026315789473684209,12.813795176841971,1200,,,7,0.45,,,,,,,,,
2024-01-23,google,g_5002,Search_Generic_Terms,gad_6002,Product_Broad,45123,912,577.8,24,0.020211422112891429,0.63355263157894737,24.075,0.026315789473684209,12.804999667575293,1200,,,7,0.45,,,,,,,,,
2024-01-30,google,g_5002,Search_Generic_Terms,gad_6002,Product_Broad,45890,912,587.7,24,0.019873610808455,0.64440789473684212,24.4875,0.026315789473684209,12.806711701895839,1200,,,7,0.45,,,,,,,,,
2024-01-18,google,g_5002,Search_Generic_Terms,gad_6002,Product_Broad,46123,923,590.3,24,0.020011707824729528,0.63954496208017331,24.595833333333331,0.02600216684723727,12.798386921926154,1200,,,7,0.45,,,,,,,,,
2024-01-26,google,g_5002,Search_Generic_Terms,gad_6002,Product_Broad,47234,945,605.6,25,0.02000677478087818,0.64084656084656089,24.224,0.026455026455026454,12.821272811957488,1250,,,7,0.46,,,,,,,,,
2024-01-03,google,g_5002,Search_Generic_Terms,gad_6002,Product_Broad,47890,967,623.5,25,0.020192106911672583,0.64477766287487071,24.94,0.025853154084798345,13.019419503027772,1250,,,6,0.43,,,,,,,,,
2024-01-17,google,g_5002,Search_Generic_Terms,gad_6002,Product_Broad,47234,967,605.6,25,0.020472540966253124,0.62626680455015515,24.224,0.025853154084798345,12.821272811957488,1250,,,7,0.46,,,,,,,,,
2024-01-11,google,g_5002,Search_Generic_Terms,gad_6002,Product_Broad,47890,934,612.5,26,0.01950302777197745,0.65578158458244107,23.557692307692307,0.027837259100642397,12.789726456462727,1300,,,7,0.46,,,,,,,,,
2024-01-24,google,g_5002,Search_Generic_Terms,gad_6002,Product_Broad,47890,978,613.5,26,0.020421799958237629,0.62730061349693256,23.596153846153847,0.026584867075664622,12.810607642514096,1300,,,7,0.46,,,,,,,,,
2024-01-08,google,g_5002,Search_Generic_Terms,gad_6002,Product_Broad,48234,989,634.7,26,0.020504208649500352,0.64175935288169872,24.411538461538463,0.0262891809908999,13.158767674254676,1300,,,7,0.46,,,,,,,,,
2024-01-25,google,g_5002,Search_Generic_Terms,gad_6002,Product_Broad,49567,1012,634.2,27,0.020416809570883855,0.62667984189723325,23.488888888888891,0.0266798418972332,12.794802993927412,1350,,,7,0.47,,,,,,,,,
2024-01-14,google,g_5001,Search_Brand_Terms,gad_6001,Brand_Exact,21234,1089,207.8,41,0.05128567391918621,0.19081726354453629,5.0682926829268293,0.037649219467401289,9.7861919562965074,2050,,,9,0.89,,,,,,,,,
2024-01-21,google,g_5001,Search_Brand_Terms,gad_6001,Brand_Exact,21567,1089,207.8,41,0.050493809987480875,0.19081726354453629,5.0682926829268293,0.037649219467401289,9.6350906477488767,2050,,,9,0.88,,,,,,,,,
2024-01-03,google,g_5001,Search_Brand_Terms,gad_6001,Brand_Exact,22345,1123,213.4,42,0.05025732826135601,0.190026714158504,5.0809523809523807,0.037399821905609976,9.5502349518908041,2100,,,9,0.93,,,,,,,,,
2024-01-20,google,g_5001,Search_Brand_Terms,gad_6001,Brand_Exact,22345,1123,214.5,42,0.05025732826135601,0.19100623330365094,5.1071428571428568,0.037399821905609976,9.5994629671067351,2100,,,9,0.89,,,,,,,,,
2024-01-08,google,g_5001,Search_Brand_Terms,gad_6001,Brand_Exact,22567,1134,216.8,43,0.050250365578056455,0.19118165784832453,5.0418604651162795,0.037918871252204583,9.6069481986972143,2150,,,9,0.91,,,,,,,,,
2024-01-13,google,g_5001,Search_Brand_Terms,gad_6001,Brand_Exact,22456,1156,220.4,43,0.051478446740292123,0.19065743944636679,5.1255813953488376,0.037197231833910036,9.8147488421802649,2150,,,9,0.9,,,,,,,,,
2024-01-28,google,g_5001,Search_Brand_Terms,gad_6001,Brand_Exact,23567,1189,226.8,44,0.050451903084821996,0.19074852817493693,5.1545454545454552,0.03700588730025231,9.6236262570543563,2200,,,9,0.9,,,,,,,,,
2024-01-01,google,g_5001,Search_Brand_Terms,gad_6001,Brand_Exact,23456,1234,234.5,45,0.05260914051841746,0.19003241491085898,5.2111111111111112,0.036466774716369527,9.99744201909959,2250,,,9,0.92,,,,,,,,,
2024-01-05,google,g_5001,Search_Brand_Terms,gad_6001,Brand_Exact,23890,1234,234.9,46,0.051653411469233988,0.19035656401944895,5.1065217391304349,0.037277147487844407,9.83256592716618,2300,,,9,0.91,,,,,,,,,
2024-01-15,google,g_5001,Search_Brand_Terms,gad_6001,Brand_Exact,23890,1234,235.6,46,0.051653411469233988,0.19092382495948135,5.1217391304347828,0.037277147487844407,9.8618668899120969,2300,,,9,0.91,,,,,,,,,
2024-01-06,google,g_5001,Search_Brand_Terms,gad_6001,Brand_Exact,24234,1267,241.2,47,0.052281917966493355,0.19037095501183898,5.1319148936170214,0.037095501183898975,9.9529586531319634,2350,,,9,0.92,,,,,,,,,
2024-01-22,google,g_5001,Search_Brand_Terms,gad_6001,Brand_Exact,24234,1267,241.2,47,0.052281917966493355,0.19037095501183898,5.1319148936170214,0.037095501183898975,9.9529586531319634,2350,,,9,0.91,,,,,,,,,
2024-01-29,google,g_5001,Search_Brand_Terms,gad_6001,Brand_Exact,24890,1278,244.2,47,0.051345922057051026,0.19107981220657277,5.1957446808510639,0.036776212832550864,9.8111691442346327,2350,,,9,0.91,,,,,,,,,
2024-01-02,google,g_5001,Search_Brand_Terms,gad_6001,Brand_Exact,24567,1289,245.6,48,0.052468758904221112,0.19053529868114819,5.1166666666666663,0.037238169123351435,9.9971506492449222,2400,,,9,0.91,,,,,,,,,
2024-01-10,google,g_5001,Search_Brand_Terms,gad_6001,Brand_Exact,24678,1289,245.9,48,0.05223275792203582,0.19076803723816912,5.1229166666666668,0.037238169123351435,9.9643407083232027,2400,,,9,0.91,,,,,,,,,
2024-01-19,google,g_5001,Search_Brand_Terms,gad_6001,Brand_Exact,24567,1289,246.8,48,0.052468758904221112,0.19146625290923197,5.1416666666666666,0.037238169123351435,10.045996662189117,2400,,,9,0.91,,,,,,,,,
2024-01-09,google,g_5001,Search_Brand_Terms,gad_6001,Brand_Exact,25234,1312,250.3,49,0.051993342315922959,0.19077743902439026,5.1081632653061231,0.037347560975609755,9.9191566933502422,2450,,,9,0.92,,,,,,,,,
2024-01-12,google,g_5001,Search_Brand_Terms,gad_6001,Brand_Exact,25123,1312,250.4,49,0.05222306253234088,0.19085365853658537,5.1102040816326531,0.037347560975609755,9.9669625442821328,2450,,,9,0.91,,,,,,,,,
2024-01-27,google,g_5001,Search_Brand_Terms,gad_6001,Brand_Exact,25234,1312,250.3,49,0.051993342315922959,0.19077743902439026,5.1081632653061231,0.037347560975609755,9.9191566933502422,2450,,,9,0.91,,,,,,,,,
2024-01-30,google,g_5001,Search_Brand_Terms,gad_6001,Brand_Exact,25456,1334,254.6,50,0.052404148334380896,0.19085457271364317,5.092,0.037481259370314844,10.001571338780641,2500,,,9,0.92,,,,,,,,,
2024-01-04,google,g_5001,Search_Brand_Terms,gad_6001,Brand_Exact,25678,1345,256.7,50,0.052379468805981773,0.19085501858736059,5.1339999999999995,0.03717472118959108,9.9968844925617244,2500,,,9,0.92,,,,,,,,,
2024-01-16,google,g_5001,Search_Brand_Terms,gad_6001,Brand_Exact,25456,1345,257.3,51,0.0528362664990572,0.19130111524163571,5.0450980392156861,0.0379182156133829,10.107636706473915,2550,,,9,0.92,,,,,,,,,
2024-01-23,google,g_5001,Search_Brand_Terms,gad_6001,Brand_Exact,25678,1356,259.4,51,0.052807851078744451,0.19129793510324483,5.0862745098039213,0.037610619469026552,10.102032868603473,2550,,,9,0.92,,,,,,,,,
2024-01-11,google,g_5001,Search_Brand_Terms,gad_6001,Brand_Exact,26234,1378,263.4,52,0.052527254707631317,0.1911465892597968,5.0653846153846152,0.037735849056603772,10.040405580544331,2600,,,9,0.92,,,,,,,,,
2024-01-18,google,g_5001,Search_Brand_Terms,gad_6001,Brand_Exact,25789,1389,265.2,52,0.053860172941951993,0.19092872570194383,5.1,0.037437005039596835,10.283454185893209,2600,,,9,0.92,,,,,,,,,
2024-01-26,google,g_5001,Search_Brand_Terms,gad_6001,Brand_Exact,26789,1378,263.4,53,0.051439023479786482,0.1911465892597968,4.969811320754717,0.038461538461538464,9.832393893015789,2650,,,9,0.92,,,,,,,,,
2024-01-07,google,g_5001,Search_Brand_Terms,gad_6001,Brand_Exact,26789,1456,278.9,54,0.054350666318264962,0.19155219780219779,5.1648148148148145,0.037087912087912088,10.410989585277539,2700,,,9,0.93,,,,,,,,,
2024-01-17,google,g_5001,Search_Brand_Terms,gad_6001,Brand_Exact,26789,1456,278.9,54,0.054350666318264962,0.19155219780219779,5.1648148148148145,0.037087912087912088,10.410989585277539,2700,,,9,0.93,,,,,,,,,
2024-01-24,google,g_5001,Search_Brand_Terms,gad_6001,Brand_Exact,27123,1434,274.3,55,0.052870257714854554,0.19128312412831242,4.9872727272727273,0.038354253835425386,10.113188069166391,2750,,,9,0.93,,,,,,,,,
2024-01-21,google,g_5003,Shopping_All_Products,gad_6003,Best_Sellers,62345,1989,365.4,57,0.031903119736947629,0.183710407239819,6.4105263157894736,0.028657616892911009,5.8609351190953562,2850,,,8,0.63,,,,,,,,,
2024-01-25,google,g_5001,Search_Brand_Terms,gad_6001,Brand_Exact,28234,1512,287.6,58,0.05355245448749734,0.19021164021164022,4.9586206896551728,0.038359788359788358,10.186300205426082,2900,,,9,0.94,,,,,,,,,
2024-01-14,google,g_5003,Shopping_All_Products,gad_6003,Best_Sellers,61890,2012,369.3,58,0.032509290677007592,0.18354870775347912,6.3672413793103448,0.028827037773359841,5.96703829374697,2900,,,8,0.64,,,,,,,,,
2024-01-20,google,g_5003,Shopping_All_Products,gad_6003,Best_Sellers,64890,2067,376.8,59,0.031853906611188164,0.18229317851959362,6.3864406779661023,0.028543783260764392,5.8067498844197871,2950,,,8,0.65,,,,,,,,,
2024-01-13,google,g_5003,Shopping_All_Products,gad_6003,Best_Sellers,63456,2089,382.6,60,0.032920448814926881,0.18314983245572045,6.3766666666666669,0.028721876495931067,6.0293746848209784,3000,,,8,0.65,,,,,,,,,
2024-01-28,google,g_5003,Shopping_All_Products,gad_6003,Best_Sellers,66234,2167,395.8,61,0.03271733550744331,0.18264882325796031,6.4885245901639346,0.02814951545916013,5.9757828305704024,3050,,,8,0.66,,,,,,,,,
2024-01-22,google,g_5003,Shopping_All_Products,gad_6003,Best_Sellers,66789,2223,407.9,64,0.033283923999460986,0.18349077822762033,6.3734375,0.028789923526765633,6.107293117130066,3200,,,8,0.66,,,,,,,,,
2024-01-10,google,g_5003,Shopping_All_Products,gad_6003,Best_Sellers,68901,2267,414.2,64,0.032902280083017661,0.18270842523158359,6.471875,0.0282311424790472,6.0115237804966544,3200,,,8,0.67,,,,,,,,,
2024-01-04,google,g_5003,Shopping_All_Products,gad_6003,Best_Sellers,69456,2234,412.3,65,0.032164247869154575,0.18455684870188005,6.3430769230769233,0.02909579230080573,5.9361322275973283,3250,,,8,0.66,,,,,,,,,
2024-01-15,google,g_5003,Shopping_All_Products,gad_6003,Best_Sellers,67234,2234,411.7,65,0.033227236219769758,0.18428827215756491,6.3338461538461539,0.02909579230080573,6.1233899515126273,3250,,,8,0.66,,,,,,,,,
2024-01-07,google,g_5003,Shopping_All_Products,gad_6003,Best_Sellers,70234,2289,419.5,66,0.032591052766466386,0.18326780253385758,6.3560606060606064,0.028833551769331587,5.972890622775294,3300,,,8,0.66,,,,,,,,,
2024-01-29,google,g_5003,Shopping_All_Products,gad_6003,Best_Sellers,68456,2289,419.5,66,0.033437536519808346,0.18326780253385758,6.3560606060606064,0.028833551769331587,6.1280238401308873,3300,,,8,0.67,,,,,,,,,
2024-01-12,google,g_5003,Shopping_All_Products,gad_6003,Best_Sellers,69890,2334,428.9,66,0.033395335527257118,0.18376178234790058,6.4984848484848481,0.028277634961439587,6.1367863785949348,3300,,,8,0.67,,,,,,,,,
2024-01-19,google,g_5003,Shopping_All_Products,gad_6003,Best_Sellers,69234,2301,423.5,67,0.033235115694600921,0.1840504128639722,6.32089552238806,0.029117774880486745,6.1169367651731807,3350,,,8,0.67,,,,,,,,,
2024-01-01,google,g_5003,Shopping_All_Products,gad_6003,Best_Sellers,67890,2345,423.6,67,0.034541169538960081,0.18063965884861408,6.3223880597014928,0.028571428571428571,6.23950508174989,3350,,,8,0.67,,,,,,,,,
2024-01-27,google,g_5003,Shopping_All_Products,gad_6003,Best_Sellers,70123,2356,431.2,68,0.033598106184846627,0.1830220713073005,6.341176470588235,0.028862478777589132,6.1491949859532529,3400,,,8,0.68,,,,,,,,,
2024-01-30,google,g_5003,Shopping_All_Products,gad_6003,Best_Sellers,70234,2367,432.1,68,0.033701625993108754,0.18255175327418674,6.3544117647058824,0.0287283481199831,6.1522909132329069,3400,,,8,0.67,,,,,,,,,
2024-01-06,google,g_5003,Shopping_All_Products,gad_6003,Best_Sellers,72345,2378,432.9,69,0.032870274379708339,0.18204373423044573,6.27391304347826,0.029015979814970564,5.9838274932614546,3450,,,8,0.67,,,,,,,,,
2024-01-16,google,g_5003,Shopping_All_Products,gad_6003,Best_Sellers,70123,2378,435.8,69,0.033911840622905469,0.18326324642556771,6.3159420289855071,0.029015979814970564,6.214794004820102,3450,,,8,0.67,,,,,,,,,
2024-01-23,google,g_5003,Shopping_All_Products,gad_6003,Best_Sellers,70234,2389,432.6,69,0.034014864595495062,0.18107994976977815,6.269565217391305,0.02888237756383424,6.1594099723780511,3450,,,8,0.67,,,,,,,,,
2024-01-18,google,g_5003,Shopping_All_Products,gad_6003,Best_Sellers,71567,2412,442.3,70,0.033702684198024226,0.18337479270315091,6.3185714285714285,0.029021558872305141,6.1802227283524527,3500,,,8,0.68,,,,,,,,,
2024-01-09,google,g_5003,Shopping_All_Products,gad_6003,Best_Sellers,73456,2423,441.8,70,0.032985732955783054,0.18233594717292612,6.3114285714285714,0.028889806025588115,6.014484861685907,3500,,,8,0.68,,,,,,,,,
2024-01-26,google,g_5003,Shopping_All_Products,gad_6003,Best_Sellers,72890,2434,450.2,71,0.033392783646590755,0.18496302382908791,6.3408450704225352,0.029170090386195564,6.1764302373439426,3550,,,8,0.69,,,,,,,,,
2024-01-02,google,g_5003,Shopping_All_Products,gad_6003,Best_Sellers,71234,2456,445.8,71,0.034477917848218548,0.18151465798045602,6.27887323943662,0.028908794788273615,6.25824746609765,3550,,,8,0.68,,,,,,,,,
2024-01-11,google,g_5003,Shopping_All_Products,gad_6003,Best_Sellers,71234,2456,445.8,71,0.034477917848218548,0.18151465798045602,6.27887323943662,0.028908794788273615,6.25824746609765,3550,,,8,0.68,,,,,,,,,
2024-01-17,google,g_5003,Shopping_All_Products,gad_6003,Best_Sellers,72456,2489,450.7,72,0.034351882521806335,0.18107673764564081,6.259722222222222,0.028927280032141421,6.2203268190350007,3600,,,8,0.68,,,,,,,,,
2024-01-24,google,g_5003,Shopping_All_Products,gad_6003,Best_Sellers,73456,2501,456.7,73,0.034047593116967978,0.18260695721711315,6.2561643835616438,0.029188324670131948,6.2173273796558481,3650,,,8,0.69,,,,,,,,,
2024-01-25,google,g_5003,Shopping_All_Products,gad_6003,Best_Sellers,75234,2567,467.8,75,0.03412021160645453,0.18223607323724192,6.2373333333333338,0.0292169848071679,6.2179333811840394,3750,,,8,0.7,,,,,,,,,
2024-01-14,facebook,fb_1001,Brand_Awareness_Q1,fbset_2001,Broad_Audience_18-35,40123,798,114.7,11,0.019888841811429855,0.143734335839599,10.427272727272728,0.013784461152882205,2.858709468384717,,33456,1.2,,,7345,,,,,,,,0.0199
2024-01-21,facebook,fb_1001,Brand_Awareness_Q1,fbset_2001,Broad_Audience_18-35,41567,823,118.9,12,0.019799360069285732,0.14447144592952613,9.9083333333333332,0.014580801944106925,2.8604421776890323,,35123,1.18,,,7456,,,,,,,,0.0198
2024-01-02,facebook,fb_1001,Brand_Awareness_Q1,fbset_2001,Broad_Audience_18-35,42345,823,118.2,10,0.019435588617310189,0.14362089914945322,11.82,0.012150668286755772,2.7913567127169681,,36789,1.15,,,7890,,,,,,,,0.0194
2024-01-13,facebook,fb_1001,Brand_Awareness_Q1,fbset_2001,Broad_Audience_18-35,42345,856,121.5,12,0.020214901405124573,0.14193925233644861,10.125,0.014018691588785047,2.869287991498406,,35678,1.19,,,7890,,,,,,,,0.0202
2024-01-20,facebook,fb_1001,Brand_Awareness_Q1,fbset_2001,Broad_Audience_18-35,43234,878,125.7,13,0.020308090854420133,0.14316628701594533,9.6692307692307686,0.014806378132118452,2.9074339640098072,,36567,1.18,,,7890,,,,,,,,0.0203
2024-01-06,facebook,fb_1001,Brand_Awareness_Q1,fbset_2001,Broad_Audience_18-35,44567,878,125.6,11,0.019700675387618643,0.1430523917995444,11.418181818181818,0.012528473804100227,2.8182287342652637,,37456,1.19,,,8123,,,,,,,,0.0197
2024-01-28,facebook,fb_1001,Brand_Awareness_Q1,fbset_2001,Broad_Audience_18-35,44567,890,127.6,13,0.019969932910000675,0.14337078651685392,9.8153846153846143,0.014606741573033709,2.8631049879956021,,37456,1.19,,,8123,,,,,,,,0.02
2024-01-22,facebook,fb_1001,Brand_Awareness_Q1,fbset_2001,Broad_Audience_18-35,45234,912,129.8,14,0.020161825175752754,0.1423245614035088,9.2714285714285722,0.015350877192982455,2.8695229252332317,,38567,1.17,,,8234,,,,,,,,0.0202
2024-01-01,facebook,fb_1001,Brand_Awareness_Q1,fbset_2001,Broad_Audience_18-35,45623,892,127.5,12,0.0195515419854021,0.1429372197309417,10.625,0.013452914798206279,2.7946430528461521,,38234,1.19,,,8234,,,,,,,,0.0195
2024-01-27,facebook,fb_1001,Brand_Awareness_Q1,fbset_2001,Broad_Audience_18-35,46234,934,133.8,15,0.020201583250421769,0.14325481798715203,8.92,0.016059957173447537,2.8939741315914698,,38890,1.19,,,8456,,,,,,,,0.0202
2024-01-05,facebook,fb_1001,Brand_Awareness_Q1,fbset_2001,Broad_Audience_18-35,46789,934,131.2,13,0.019961956870204536,0.14047109207708777,10.092307692307692,0.013918629550321198,2.804077881553356,,39234,1.19,,,8567,,,,,,,,0.02
2024-01-15,facebook,fb_1001,Brand_Awareness_Q1,fbset_2001,Broad_Audience_18-35,46789,934,132.4,14,0.019961956870204536,0.14175588865096361,9.4571428571428573,0.014989293361884369,2.829724935348052,,39234,1.19,,,8567,,,,,,,,0.02
2024-01-08,facebook,fb_1001,Brand_Awareness_Q1,fbset_2001,Broad_Audience_18-35,47234,945,135.4,14,0.02000677478087818,0.14328042328042329,9.6714285714285726,0.014814814814814815,2.8665791590803238,,39567,1.19,,,8789,,,,,,,,0.02
2024-01-19,facebook,fb_1001,Brand_Awareness_Q1,fbset_2001,Broad_Audience_18-35,47890,967,138.4,15,0.020192106911672583,0.14312306101344366,9.2266666666666666,0.015511892450879007,2.8899561495092922,,40234,1.19,,,8789,,,,,,,,0.0202
2024-01-29,facebook,fb_1001,Brand_Awareness_Q1,fbset_2001,Broad_Audience_18-35,47890,967,138.4,15,0.020192106911672583,0.14312306101344366,9.2266666666666666,0.015511892450879007,2.8899561495092922,,40234,1.19,,,8789,,,,,,,,0.0202
2024-01-03,facebook,fb_1001,Brand_Awareness_Q1,fbset_2001,Broad_Audience_18-35,48234,967,134.8,14,0.0200480988514326,0.13940020682523269,9.62857142857143,0.014477766287487074,2.7947091263424144,,40123,1.2,,,8901,,,,,,,,0.0201
2024-01-10,facebook,fb_1001,Brand_Awareness_Q1,fbset_2001,Broad_Audience_18-35,48567,978,137.8,14,0.02013713015010192,0.1408997955010225,9.8428571428571434,0.014314928425357873,2.8373175201268355,,40456,1.2,,,8945,,,,,,,,0.0201
2024-01-23,facebook,fb_1001,Brand_Awareness_Q1,fbset_2001,Broad_Audience_18-35,48567,989,140.3,15,0.020363621389008997,0.14186046511627909,9.3533333333333335,0.015166835187057633,2.8887928016966256,,40456,1.2,,,8945,,,,,,,,0.0204
2024-01-12,facebook,fb_1001,Brand_Awareness_Q1,fbset_2001,Broad_Audience_18-35,49234,1012,140.3,15,0.020554901084616321,0.13863636363636364,9.3533333333333335,0.014822134387351778,2.849656741276354,,41567,1.18,,,9123,,,,,,,,0.0206
2024-01-30,facebook,fb_1001,Brand_Awareness_Q1,fbset_2001,Broad_Audience_18-35,49234,1001,142.8,16,0.020331478246740059,0.14265734265734267,8.925,0.015984015984015984,2.900434658975505,,41567,1.18,,,9012,,,,,,,,0.0203
2024-01-18,facebook,fb_1001,Brand_Awareness_Q1,fbset_2001,Broad_Audience_18-35,49567,1012,144.6,16,0.020416809570883855,0.14288537549407115,9.0375,0.015810276679841896,2.9172635019266848,,41890,1.18,,,9123,,,,,,,,0.0204
2024-01-07,facebook,fb_1001,Brand_Awareness_Q1,fbset_2001,Broad_Audience_18-35,49876,1067,145.9,16,0.021393054775844092,0.13673851921274602,9.11875,0.01499531396438613,2.9252546314860854,,41234,1.21,,,9567,,,,,,,,0.0214
2024-01-09,facebook,fb_1001,Brand_Awareness_Q1,fbset_2001,Broad_Audience_18-35,50123,1012,141.7,15,0.020190331783811823,0.1400197628458498,9.4466666666666654,0.014822134387351778,2.8270454681483548,,41890,1.2,,,9345,,,,,,,,0.0202
2024-01-26,facebook,fb_1001,Brand_Awareness_Q1,fbset_2001,Broad_Audience_18-35,50123,1034,147.5,17,0.020629252039981644,0.14264990328820115,8.6764705882352935,0.016441005802707929,2.9427608084113084,,41890,1.2,,,9123,,,,,,,,0.0206
2024-01-16,facebook,fb_1001,Brand_Awareness_Q1,fbset_2001,Broad_Audience_18-35,50234,1023,143.8,16,0.020364693235657125,0.14056695992179863,8.9875,0.015640273704789834,2.8626030178763391,,42345,1.19,,,9234,,,,,,,,0.0204
2024-01-04,facebook,fb_1001,Brand_Awareness_Q1,fbset_2001,Broad_Audience_18-35,51234,1023,142.3,15,0.019967209275090759,0.13910068426197458,9.4866666666666681,0.01466275659824047,2.77745247296717,,42567,1.2,,,9234,,,,,,,,0.02
2024-01-24,facebook,fb_1001,Brand_Awareness_Q1,fbset_2001,Broad_Audience_18-35,51234,1067,149.7,17,0.020826013975094662,0.14029990627928771,8.8058823529411754,0.015932521087160263,2.9218878088769173,,42567,1.2,,,9234,,,,,,,,0.0208
2024-01-17,facebook,fb_1001,Brand_Awareness_Q1,fbset_2001,Broad_Audience_18-35,51789,1089,152.3,18,0.021027631350286742,0.13985307621671259,8.4611111111111121,0.016528925619834711,2.9407789298885865,,43567,1.19,,,9567,,,,,,,,0.021
2024-01-11,facebook,fb_1001,Brand_Awareness_Q1,fbset_2001,Broad_Audience_18-35,52123,1089,148.6,17,0.020892887976517085,0.136455463728191,8.7411764705882344,0.015610651974288337,2.8509487174567849,,43234,1.21,,,9567,,,,,,,,0.0209
2024-01-25,facebook,fb_1001,Brand_Awareness_Q1,fbset_2001,Broad_Audience_18-35,52789,1123,156.4,18,0.021273371346303208,0.13926981300089047,8.68888888888889,0.016028495102404273,2.9627384492981492,,43890,1.2,,,9567,,,,,,,,0.0213
2024-01-21,facebook,fb_1002,Conversions_Retargeting,fbset_2002,Cart_Abandoners,10234,467,178.4,30,0.045632206370920463,0.38201284796573876,5.9466666666666672,0.064239828693790149,17.432089114715655,,8456,1.21,,,945,,,,,,,,0.0456
2024-01-14,facebook,fb_1002,Conversions_Retargeting,fbset_2002,Cart_Abandoners,10567,489,185.9,29,0.04627614270843191,0.3801635991820041,6.4103448275862069,0.059304703476482618,17.592504968297529,,8234,1.28,,,998,,,,,,,,0.0463
2024-01-03,facebook,fb_1002,Conversions_Retargeting,fbset_2002,Cart_Abandoners,11234,489,198.7,31,0.043528573971871105,0.40633946830265849,6.4096774193548383,0.063394683026584867,17.687377603703045,,8901,1.26,,,1123,,,,,,,,0.0435
2024-01-13,facebook,fb_1002,Conversions_Retargeting,fbset_2002,Cart_Abandoners,11234,523,198.6,32,0.046555100587502223,0.37973231357552578,6.20625,0.061185468451242828,17.678476054833538,,8901,1.27,,,1123,,,,,,,,0.0466
2024-01-28,facebook,fb_1002,Conversions_Retargeting,fbset_2002,Cart_Abandoners,11456,523,192.3,33,0.045652932960893858,0.36768642447418742,5.827272727272728,0.063097514340344163,16.78596368715084,,8967,1.28,,,1089,,,,,,,,0.0457
2024-01-20,facebook,fb_1002,Conversions_Retargeting,fbset_2002,Cart_Abandoners,11890,545,202.3,34,0.045836837678721612,0.37119266055045874,5.95,0.062385321100917435,17.014297729184189,,9567,1.28,,,1156,,,,,,,,0.0458
2024-01-08,facebook,fb_1002,Conversions_Retargeting,fbset_2002,Cart_Abandoners,12123,534,212.4,35,0.044048502845830242,0.39775280898876403,6.0685714285714285,0.065543071161048683,17.520415738678548,,9567,1.27,,,1234,,,,,,,,0.0441
2024-01-01,facebook,fb_1002,Conversions_Retargeting,fbset_2002,Cart_Abandoners,12456,567,215.8,34,0.04552023121387283,0.38059964726631396,6.3470588235294123,0.059964726631393295,17.324983943481055,,9876,1.26,,,1234,,,,,,,,0.0455
2024-01-22,facebook,fb_1002,Conversions_Retargeting,fbset_2002,Cart_Abandoners,12456,567,209.6,36,0.04552023121387283,0.36966490299823634,5.822222222222222,0.063492063492063489,16.82723185613359,,9876,1.26,,,1234,,,,,,,,0.0455
2024-01-27,facebook,fb_1002,Conversions_Retargeting,fbset_2002,Cart_Abandoners,12567,567,209.4,36,0.045118166626879924,0.36931216931216931,5.8166666666666664,0.063492063492063489,16.662687992360947,,9890,1.27,,,1267,,,,,,,,0.0451
2024-01-05,facebook,fb_1002,Conversions_Retargeting,fbset_2002,Cart_Abandoners,12890,567,220.3,36,0.043987587276958881,0.38853615520282186,6.1194444444444445,0.063492063492063489,17.090768037238171,,10123,1.27,,,1345,,,,,,,,0.044
2024-01-15,facebook,fb_1002,Conversions_Retargeting,fbset_2002,Cart_Abandoners,12890,567,221.3,37,0.043987587276958881,0.39029982363315696,5.9810810810810811,0.065255731922398585,17.168347556245152,,10123,1.27,,,1345,,,,,,,,0.044
2024-01-29,facebook,fb_1002,Conversions_Retargeting,fbset_2002,Cart_Abandoners,13234,612,226.5,39,0.046244521686564906,0.37009803921568629,5.8076923076923075,0.063725490196078427,17.115006800664954,,10456,1.27,,,1345,,,,,,,,0.0463
2024-01-07,facebook,fb_1002,Conversions_Retargeting,fbset_2002,Cart_Abandoners,13456,623,237.8,40,0.046299048751486327,0.38170144462279293,5.945,0.064205457463884424,17.672413793103448,,10567,1.27,,,1456,,,,,,,,0.0463
2024-01-12,facebook,fb_1002,Conversions_Retargeting,fbset_2002,Cart_Abandoners,13456,634,239.7,39,0.04711652794292509,0.37807570977917981,6.1461538461538456,0.061514195583596214,17.813614744351959,,10567,1.27,,,1378,,,,,,,,0.0471
2024-01-02,facebook,fb_1002,Conversions_Retargeting,fbset_2002,Cart_Abandoners,13678,623,234.5,38,0.045547594677584444,0.37640449438202245,6.1710526315789478,0.060995184590690206,17.144319344933468,,10234,1.34,,,1456,,,,,,,,0.0455
2024-01-10,facebook,fb_1002,Conversions_Retargeting,fbset_2002,Cart_Abandoners,13789,645,241.2,41,0.046776415983755169,0.373953488372093,5.8829268292682926,0.063565891472868216,17.492203930669373,,10789,1.28,,,1489,,,,,,,,0.0468
2024-01-23,facebook,fb_1002,Conversions_Retargeting,fbset_2002,Cart_Abandoners,13789,623,229.8,38,0.045180941330045687,0.36886035313001608,6.0473684210526315,0.060995184590690206,16.665457973747191,,10789,1.28,,,1489,,,,,,,,0.0452
2024-01-19,facebook,fb_1002,Conversions_Retargeting,fbset_2002,Cart_Abandoners,13890,634,235.8,40,0.045644348452123833,0.37192429022082019,5.8950000000000005,0.063091482649842268,16.976241900647949,,10890,1.27,,,1378,,,,,,,,0.0457
2024-01-30,facebook,fb_1002,Conversions_Retargeting,fbset_2002,Cart_Abandoners,14123,645,236.9,41,0.045670183388798413,0.36728682170542637,5.7780487804878051,0.063565891472868216,16.774056503575729,,11123,1.27,,,1423,,,,,,,,0.0457
2024-01-16,facebook,fb_1002,Conversions_Retargeting,fbset_2002,Cart_Abandoners,14234,678,248.5,42,0.047632429394407753,0.36651917404129791,5.916666666666667,0.061946902654867256,17.458198679218771,,11234,1.27,,,1567,,,,,,,,0.0477
2024-01-26,facebook,fb_1002,Conversions_Retargeting,fbset_2002,Cart_Abandoners,14234,689,254.7,44,0.048405226921455671,0.36966618287373004,5.7886363636363631,0.063860667634252535,17.893775467191229,,11234,1.27,,,1456,,,,,,,,0.0484
2024-01-04,facebook,fb_1002,Conversions_Retargeting,fbset_2002,Cart_Abandoners,14567,678,245.6,42,0.046543557355666919,0.36224188790560469,5.8476190476190473,0.061946902654867256,16.860026086359579,,11234,1.3,,,1567,,,,,,,,0.0465
2024-01-11,facebook,fb_1002,Conversions_Retargeting,fbset_2002,Cart_Abandoners,14567,723,256.4,44,0.049632731516441271,0.35463347164591974,5.8272727272727272,0.060857538035961271,17.601427884945423,,11456,1.27,,,1612,,,,,,,,0.0496
2024-01-18,facebook,fb_1002,Conversions_Retargeting,fbset_2002,Cart_Abandoners,14567,689,253.4,43,0.047298688817189537,0.36777939042089985,5.8930232558139535,0.062409288824383166,17.3954829408938,,11567,1.26,,,1489,,,,,,,,0.0473
2024-01-24,facebook,fb_1002,Conversions_Retargeting,fbset_2002,Cart_Abandoners,14890,712,251.6,43,0.04781732706514439,0.35337078651685394,5.851162790697674,0.060393258426966294,16.897246474143717,,11790,1.26,,,1578,,,,,,,,0.0478
2024-01-17,facebook,fb_1002,Conversions_Retargeting,fbset_2002,Cart_Abandoners,15234,734,264.7,46,0.048181698831560982,0.36062670299727517,5.7543478260869563,0.062670299727520432,17.375607194433503,,12123,1.26,,,1678,,,,,,,,0.0482
2024-01-25,facebook,fb_1002,Conversions_Retargeting,fbset_2002,Cart_Abandoners,15678,756,268.9,47,0.048220436280137773,0.35568783068783066,5.7212765957446807,0.062169312169312166,17.151422375302971,,12345,1.27,,,1678,,,,,,,,0.0482
2024-01-14,facebook,fb_1003,Traffic_Drive_Jan,fbset_2003,Lookalike_Purchasers,31234,1123,173.8,21,0.035954408657232505,0.15476402493321462,8.276190476190477,0.018699910952804988,5.5644489978869185,,26123,1.2,,,3890,,,,,,,,0.036
2024-01-21,facebook,fb_1003,Traffic_Drive_Jan,fbset_2003,Lookalike_Purchasers,32890,1178,171.2,22,0.035816357555487989,0.14533106960950762,7.7818181818181813,0.018675721561969439,5.20522955305564,,27234,1.21,,,3789,,,,,,,,0.0358
2024-01-13,facebook,fb_1003,Traffic_Drive_Jan,fbset_2003,Lookalike_Purchasers,33456,1203,185.3,23,0.03595767575322812,0.15403158769742312,8.0565217391304351,0.019118869492934332,5.5386178861788622,,27890,1.2,,,4234,,,,,,,,0.036
2024-01-28,facebook,fb_1003,Traffic_Drive_Jan,fbset_2003,Lookalike_Purchasers,33567,1203,184.5,25,0.035838770220752526,0.15336658354114713,7.38,0.020781379883624274,5.4964697470730179,,27890,1.2,,,4123,,,,,,,,0.0358
2024-01-01,facebook,fb_1003,Traffic_Drive_Jan,fbset_2003,Lookalike_Purchasers,34567,1234,189.9,23,0.035698787861254952,0.15388978930307942,8.2565217391304344,0.018638573743922204,5.4936789423438537,,28934,1.19,,,4567,,,,,,,,0.0357
2024-01-20,facebook,fb_1003,Traffic_Drive_Jan,fbset_2003,Lookalike_Purchasers,34567,1234,189.6,24,0.035698787861254952,0.15364667747163696,7.8999999999999995,0.019448946515397084,5.4850001446466283,,28934,1.19,,,4567,,,,,,,,0.0357
2024-01-22,facebook,fb_1003,Traffic_Drive_Jan,fbset_2003,Lookalike_Purchasers,35123,1267,194.5,26,0.036073228368875096,0.15351223362273086,7.4807692307692308,0.020520915548539857,5.5376818608888758,,29123,1.21,,,4345,,,,,,,,0.0361
2024-01-06,facebook,fb_1003,Traffic_Drive_Jan,fbset_2003,Lookalike_Purchasers,35678,1289,195.6,24,0.036128706766074332,0.1517455391776571,8.15,0.018619084561675717,5.4823700880094179,,29345,1.22,,,4678,,,,,,,,0.0361
2024-01-15,facebook,fb_1003,Traffic_Drive_Jan,fbset_2003,Lookalike_Purchasers,35678,1289,196.6,25,0.036128706766074332,0.15252133436772691,7.864,0.019394879751745538,5.5103985649419807,,29345,1.22,,,4678,,,,,,,,0.0361
2024-01-27,facebook,fb_1003,Traffic_Drive_Jan,fbset_2003,Lookalike_Purchasers,35890,1289,197.8,27,0.035915296740039009,0.15345228859581073,7.325925925925926,0.020946470131885182,5.5112844803566459,,29567,1.21,,,4567,,,,,,,,0.0359
2024-01-29,facebook,fb_1003,Traffic_Drive_Jan,fbset_2003,Lookalike_Purchasers,36234,1334,203.7,28,0.036816249931004026,0.15269865067466265,7.2749999999999995,0.020989505247376312,5.621791687365457,,30123,1.2,,,4678,,,,,,,,0.0368
2024-01-09,facebook,fb_1003,Traffic_Drive_Jan,fbset_2003,Lookalike_Purchasers,36456,1312,199.8,26,0.035988588983980691,0.15228658536585366,7.6846153846153848,0.019817073170731708,5.4805793285055966,,30234,1.21,,,4823,,,,,,,,0.036
2024-01-02,facebook,fb_1003,Traffic_Drive_Jan,fbset_2003,Lookalike_Purchasers,36789,1345,201.3,25,0.036559841256897443,0.14966542750929368,8.052,0.01858736059479554,5.4717442713854689,,30123,1.22,,,4890,,,,,,,,0.0366
2024-01-07,facebook,fb_1003,Traffic_Drive_Jan,fbset_2003,Lookalike_Purchasers,37234,1367,207.9,27,0.03671375624429285,0.15208485735186542,7.7,0.019751280175566936,5.5836063812644356,,30678,1.21,,,5012,,,,,,,,0.0367
2024-01-19,facebook,fb_1003,Traffic_Drive_Jan,fbset_2003,Lookalike_Purchasers,37234,1367,209.9,28,0.03671375624429285,0.15354791514264815,7.4964285714285719,0.020482809070958303,5.6373207283665474,,30678,1.21,,,5012,,,,,,,,0.0367
2024-01-23,facebook,fb_1003,Traffic_Drive_Jan,fbset_2003,Lookalike_Purchasers,37456,1389,213.4,29,0.037083511319948741,0.15363570914326855,7.3586206896551722,0.020878329733621311,5.6973515591627519,,30567,1.22,,,4890,,,,,,,,0.0371
2024-01-12,facebook,fb_1003,Traffic_Drive_Jan,fbset_2003,Lookalike_Purchasers,37890,1398,212.4,28,0.036896278701504352,0.151931330472103,7.5857142857142863,0.020028612303290415,5.6057007125890737,,30890,1.23,,,5012,,,,,,,,0.0369
2024-01-30,facebook,fb_1003,Traffic_Drive_Jan,fbset_2003,Lookalike_Purchasers,37890,1412,216.5,30,0.037265769332277647,0.153328611898017,7.2166666666666668,0.021246458923512748,5.7139086830298229,,30890,1.23,,,4956,,,,,,,,0.0373
2024-01-10,facebook,fb_1003,Traffic_Drive_Jan,fbset_2003,Lookalike_Purchasers,38456,1423,217.5,29,0.037003328479301018,0.15284609978917779,7.5,0.020379479971890373,5.6558144372789689,,31234,1.23,,,5123,,,,,,,,0.037
2024-01-16,facebook,fb_1003,Traffic_Drive_Jan,fbset_2003,Lookalike_Purchasers,38456,1423,218.7,30,0.037003328479301018,0.15368938861560083,7.29,0.021082220660576249,5.6870189307260244,,31234,1.23,,,5123,,,,,,,,0.037
2024-01-26,facebook,fb_1003,Traffic_Drive_Jan,fbset_2003,Lookalike_Purchasers,38890,1445,231.2,32,0.03715608125482129,0.16,7.225,0.022145328719723183,5.9449730007714061,,31567,1.23,,,5123,,,,,,,,0.0372
2024-01-03,facebook,fb_1003,Traffic_Drive_Jan,fbset_2003,Lookalike_Purchasers,38901,1456,213.4,28,0.037428343744376751,0.14656593406593407,7.6214285714285719,0.019230769230769232,5.4857201614354389,,31456,1.24,,,5234,,,,,,,,0.0375
2024-01-18,facebook,fb_1003,Traffic_Drive_Jan,fbset_2003,Lookalike_Purchasers,38901,1456,224.5,31,0.037428343744376751,0.15418956043956045,7.241935483870968,0.021291208791208792,5.7710598699262237,,31456,1.24,,,5234,,,,,,,,0.0374
2024-01-24,facebook,fb_1003,Traffic_Drive_Jan,fbset_2003,Lookalike_Purchasers,39234,1489,227.9,32,0.037951776520364987,0.15305574210879785,7.121875,0.021490933512424447,5.8087373196717129,,32123,1.22,,,5234,,,,,,,,0.0379
2024-01-11,facebook,fb_1003,Traffic_Drive_Jan,fbset_2003,Lookalike_Purchasers,39789,1534,225.8,31,0.038553369021588881,0.14719687092568448,7.2838709677419358,0.020208604954367666,5.6749352836211013,,32567,1.22,,,5456,,,,,,,,0.0386
2024-01-17,facebook,fb_1003,Traffic_Drive_Jan,fbset_2003,Lookalike_Purchasers,40123,1534,232.8,33,0.03823243526157067,0.15176010430247719,7.0545454545454547,0.021512385919165579,5.8021583630336719,,32890,1.22,,,5456,,,,,,,,0.0382
2024-01-25,facebook,fb_1003,Traffic_Drive_Jan,fbset_2003,Lookalike_Purchasers,40567,1567,238.6,34,0.038627455813838835,0.15226547543075941,7.0176470588235293,0.021697511167836629,5.8816279241748219,,33234,1.22,,,5456,,,,,,,,0.0386
2024-01-14,facebook,fb_1004,Video_Views_Campaign,fbset_2004,Video_Enthusiasts,61234,223,78.9,4,0.0036417676454257438,0.35381165919282515,19.725,0.017937219730941704,1.2884998530228307,,50123,1.22,,,40567,,,,,,,,0.0036
2024-01-21,facebook,fb_1004,Video_Views_Campaign,fbset_2004,Video_Enthusiasts,62345,223,76.3,4,0.0035768706391851794,0.342152466367713,19.075,0.017937219730941704,1.2238351110754671,,51567,1.2,,,41234,,,,,,,,0.0036
2024-01-13,facebook,fb_1004,Video_Views_Campaign,fbset_2004,Video_Enthusiasts,64567,238,83.4,5,0.003686093515263215,0.35042016806722692,16.68,0.02100840336134454,1.2916815091300511,,52890,1.22,,,43234,,,,,,,,0.0037
2024-01-20,facebook,fb_1004,Video_Views_Campaign,fbset_2004,Video_Enthusiasts,65234,234,81.2,5,0.0035870864886408927,0.347008547008547,16.240000000000002,0.021367521367521368,1.2447496704172671,,53456,1.19,,,43567,,,,,,,,0.0036
2024-01-28,facebook,fb_1004,Video_Views_Campaign,fbset_2004,Video_Enthusiasts,65789,234,80.4,4,0.003556825609144386,0.34358974358974359,20.1,0.017094017094017096,1.2220887990393532,,54123,1.21,,,43890,,,,,,,,0.0036
2024-01-22,facebook,fb_1004,Video_Views_Campaign,fbset_2004,Video_Enthusiasts,66789,245,84.7,5,0.0036682687268861638,0.34571428571428575,16.94,0.020408163265306121,1.2681729027235025,,54890,1.22,,,44567,,,,,,,,0.0037
2024-01-04,facebook,fb_1004,Video_Views_Campaign,fbset_2004,Video_Enthusiasts,67890,234,89.5,5,0.00344675209898365,0.38247863247863245,17.9,0.021367521367521368,1.3183090293121225,,56789,1.2,,,45678,,,,,,,,0.0034
2024-01-27,facebook,fb_1004,Video_Views_Campaign,fbset_2004,Video_Enthusiasts,68234,245,85.9,5,0.0035905853386874577,0.35061224489795922,17.18,0.020408163265306121,1.2589031860949089,,55890,1.22,,,45678,,,,,,,,0.0036
2024-01-15,facebook,fb_1004,Video_Views_Campaign,fbset_2004,Video_Enthusiasts,68456,248,87.6,6,0.0036227649877293446,0.35322580645161289,14.6,0.024193548387096774,1.279654084375365,,56789,1.21,,,46234,,,,,,,,0.0036
2024-01-06,facebook,fb_1004,Video_Views_Campaign,fbset_2004,Video_Enthusiasts,69456,245,91.2,5,0.0035274130384703984,0.3722448979591837,18.240000000000002,0.020408163265306121,1.3130615065653077,,57890,1.2,,,47234,,,,,,,,0.0035
2024-01-29,facebook,fb_1004,Video_Views_Campaign,fbset_2004,Video_Enthusiasts,69567,253,88.7,6,0.0036367818074661837,0.3505928853754941,14.783333333333333,0.023715415019762844,1.2750298273606739,,57123,1.22,,,46890,,,,,,,,0.0036
2024-01-09,facebook,fb_1004,Video_Views_Campaign,fbset_2004,Video_Enthusiasts,70123,253,93.6,6,0.0036079460376766538,0.36996047430830037,15.6,0.023715415019762844,1.334797427377608,,58456,1.2,,,48234,,,,,,,,0.0036
2024-01-19,facebook,fb_1004,Video_Views_Campaign,fbset_2004,Video_Enthusiasts,70123,253,89.4,6,0.0036079460376766538,0.35335968379446642,14.9,0.023715415019762844,1.2749026710209206,,57890,1.21,,,47234,,,,,,,,0.0036
2024-01-05,facebook,fb_1004,Video_Views_Campaign,fbset_2004,Video_Enthusiasts,71234,256,94.8,6,0.0035937894825504675,0.3703125,15.799999999999999,0.0234375,1.3308251677569698,,59234,1.2,,,48901,,,,,,,,0.0036
2024-01-23,facebook,fb_1004,Video_Views_Campaign,fbset_2004,Video_Enthusiasts,71234,256,90.5,6,0.0035937894825504675,0.353515625,15.083333333333334,0.0234375,1.270460735042255,,58567,1.22,,,48123,,,,,,,,0.0036
2024-01-30,facebook,fb_1004,Video_Views_Campaign,fbset_2004,Video_Enthusiasts,72123,261,91.3,7,0.0036188178528347406,0.34980842911877391,13.042857142857143,0.02681992337164751,1.2658929883670951,,58890,1.22,,,48567,,,,,,,,0.0036
2024-01-18,facebook,fb_1004,Video_Views_Campaign,fbset_2004,Video_Enthusiasts,72345,261,92.7,7,0.0036077130416753058,0.35517241379310344,13.242857142857144,0.02681992337164751,1.2813601492846776,,58234,1.24,,,48567,,,,,,,,0.0036
2024-01-12,facebook,fb_1004,Video_Views_Campaign,fbset_2004,Video_Enthusiasts,72890,261,96.8,7,0.0035807380985045959,0.37088122605363982,13.828571428571427,0.02681992337164751,1.3280285361503634,,59123,1.23,,,49567,,,,,,,,0.0036
2024-01-08,facebook,fb_1004,Video_Views_Campaign,fbset_2004,Video_Enthusiasts,73456,267,98.3,7,0.0036348290132868655,0.36816479400749064,14.042857142857143,0.026217228464419477,1.3382160749292094,,60234,1.22,,,50123,,,,,,,,0.0036
2024-01-16,facebook,fb_1004,Video_Views_Campaign,fbset_2004,Video_Enthusiasts,73456,267,94.2,7,0.0036348290132868655,0.35280898876404493,13.457142857142857,0.026217228464419477,1.2824003485079503,,59567,1.24,,,49890,,,,,,,,0.0036
2024-01-26,facebook,fb_1004,Video_Views_Campaign,fbset_2004,Video_Enthusiasts,73456,261,94.6,7,0.0035531474624264864,0.36245210727969346,13.514285714285714,0.02681992337164751,1.2878457852319756,,59567,1.23,,,49234,,,,,,,,0.0036
2024-01-24,facebook,fb_1004,Video_Views_Campaign,fbset_2004,Video_Enthusiasts,74567,267,95.8,7,0.003580672415411643,0.3588014981273408,13.685714285714285,0.026217228464419477,1.2847506269529416,,60789,1.23,,,50234,,,,,,,,0.0036
2024-01-17,facebook,fb_1004,Video_Views_Campaign,fbset_2004,Video_Enthusiasts,75890,278,98.5,8,0.0036631967321122676,0.35431654676258995,12.3125,0.028776978417266189,1.2979312162340229,,61567,1.23,,,51234,,,,,,,,0.0037
2024-01-11,facebook,fb_1004,Video_Views_Campaign,fbset_2004,Video_Enthusiasts,76234,278,101.5,8,0.0036466668415667549,0.36510791366906475,12.6875,0.028776978417266189,1.3314269223705959,,62456,1.22,,,52345,,,,,,,,0.0037
2024-01-25,facebook,fb_1004,Video_Views_Campaign,fbset_2004,Video_Enthusiasts,76890,278,99.2,8,0.0036155546885160619,0.35683453237410073,12.4,0.028776978417266189,1.2901547665496162,,62890,1.23,,,51567,,,,,,,,0.0036
